<?xml version="1.0" encoding="UTF-8"?>
<project-private xmlns="http://www.netbeans.org/ns/project-private/1">
    <editor-bookmarks xmlns="http://www.netbeans.org/ns/editor-bookmarks/2" lastBookmarkId="0"/>
    <open-files xmlns="http://www.netbeans.org/ns/projectui-open-files/2">
        <group>
            <file>file:/E:/WebConept/src/java/RegSer.java</file>
            <file>file:/E:/WebConept/src/java/LoginSer.java</file>
            <file>file:/E:/WebConept/web/Delete.jsp</file>
            <file>file:/E:/WebConept/web/UserDashboard.jsp</file>
            <file>file:/E:/WebConept/src/java/UpdateAdminSer.java</file>
            <file>file:/E:/WebConept/web/AdminDashboard.jsp</file>
            <file>file:/E:/WebConept/web/Edit.jsp</file>
            <file>file:/E:/WebConept/src/java/Adminloginser.java</file>
            <file>file:/E:/WebConept/src/java/DeleteAdminSer.java</file>
            <file>file:/E:/WebConept/web/RegisterForm.jsp</file>
            <file>file:/E:/WebConept/src/java/dao/Datahelper.java</file>
            <file>file:/E:/WebConept/src/java/dao/Register.java</file>
        </group>
    </open-files>
</project-private>
